Cód.Cliente,Segmento,Ano,Mês,Volume de vendas (t),Preço de Venda Líquido (R$/t),Custos de produção (R$/t),Desconto Campanha (%),Período,Faturamento,Lucro Total
A,Construtora,2025,1,696.7052079141415,304,165,0.0,Antes da campanha,211798.383205899,96842.02390006567
B,Varejo,2025,1,763.2886910384714,268,163,0.0,Antes da campanha,204561.36919831033,80145.31255903949
C,Distribuidor,2025,1,543.035951306372,322,193,0.0,Antes da campanha,174857.57632065177,70051.63771852199
D,Construtora,2025,1,655.678638845247,250,171,0.0,Antes da campanha,163919.65971131175,51798.61246877451
E,Varejo,2025,1,700.6385377617235,321,192,0.0,Antes da campanha,224904.97062151323,90382.37137126233
F,Distribuidor,2025,1,439.9354982057352,324,196,0.0,Antes da campanha,142539.10141865822,56311.743770334106
G,Construtora,2025,1,235.69758313405376,322,174,0.0,Antes da campanha,75894.62176916531,34883.24230383996
H,Varejo,2025,1,191.38158519069225,339,200,0.0,Antes da campanha,64878.35737964467,26602.04034150622
I,Distribuidor,2025,1,167.85621919701742,389,149,0.0,Antes da campanha,65296.06926763978,40285.492607284184
J,Construtora,2025,1,261.6041858596426,280,124,0.0,Antes da campanha,73249.17204069992,40810.252994104245
K,Varejo,2025,1,102.41949515252402,339,155,0.0,Antes da campanha,34720.20885670564,18845.18710806442
L,Distribuidor,2025,1,414.30139636378806,379,165,0.0,Antes da campanha,157020.22922187566,88660.49882185065
M,Construtora,2025,1,625.705950390356,276,195,0.0,Antes da campanha,172694.84230773823,50682.18198161883
N,Varejo,2025,1,108.75498748847289,271,152,0.0,Antes da campanha,29472.601609376154,12941.843511128274
O,Distribuidor,2025,1,922.7418739374018,381,179,0.0,Antes da campanha,351564.6539701501,186393.85853535516
P,Construtora,2025,1,84.97283921367583,300,155,0.0,Antes da campanha,25491.851764102747,12321.061685982995
Q,Varejo,2025,1,792.1506816071056,323,151,0.0,Antes da campanha,255864.6701590951,136249.91723642216
R,Distribuidor,2025,1,825.9377849887168,348,163,0.0,Antes da campanha,287426.34917607345,152798.4902229126
S,Construtora,2025,1,502.5382191224633,392,112,0.0,Antes da campanha,196994.98189600563,140710.70135428972
T,Varejo,2025,1,375.40649392020873,320,161,0.0,Antes da campanha,120130.0780544668,59689.63253331319
U,Distribuidor,2025,1,275.20601461671055,362,146,0.0,Antes da campanha,99624.57729124922,59444.49915720948
V,Construtora,2025,1,248.4791294773987,316,182,0.0,Antes da campanha,78519.40491485798,33296.20334997142
X,Varejo,2025,1,390.64449494352317,293,161,0.0,Antes da campanha,114458.8370184523,51565.07333254506
A,Construtora,2025,2,787.2768849429798,304,165,0.0,Antes da campanha,239332.17302266587,109431.48700707419
B,Varejo,2025,2,686.9598219346243,268,163,0.0,Antes da campanha,184105.23227847932,72130.78130313555
C,Distribuidor,2025,2,619.060984489264,322,193,0.0,Antes da campanha,199337.63700554302,79858.86699911505
D,Construtora,2025,2,675.3489980106044,250,171,0.0,Antes da campanha,168837.2495026511,53352.57084283775
E,Varejo,2025,2,658.60022549602,321,192,0.0,Antes da campanha,211410.67238422242,84959.42908898658
F,Distribuidor,2025,2,444.33485318779253,324,196,0.0,Antes da campanha,143964.49243284477,56874.861208037444
G,Construtora,2025,2,238.0545589653943,322,174,0.0,Antes da campanha,76653.56798685697,35232.07472687836
H,Varejo,2025,2,174.15724252352996,339,200,0.0,Antes da campanha,59039.305215476656,24207.856710770666
I,Distribuidor,2025,2,166.17765700504725,389,149,0.0,Antes da campanha,64643.10857496338,39882.63768121134
J,Construtora,2025,2,266.83626957683543,280,124,0.0,Antes da campanha,74714.15548151392,41626.45805398633
K,Varejo,2025,2,111.63724971625119,339,155,0.0,Antes da campanha,37845.02765380916,20541.253947790217
L,Distribuidor,2025,2,410.1583824001502,379,165,0.0,Antes da campanha,155450.02692965692,87773.89383363214
M,Construtora,2025,2,600.6777123747416,276,195,0.0,Antes da campanha,165787.0486154287,48654.894702354075
N,Varejo,2025,2,96.79193886474087,271,152,0.0,Antes da campanha,26230.615432344777,11518.240724904164
O,Distribuidor,2025,2,1042.698317549264,381,179,0.0,Antes da campanha,397268.0589862696,210625.0601449513
P,Construtora,2025,2,85.82256760581258,300,155,0.0,Antes da campanha,25746.770281743775,12444.272302842825
Q,Varejo,2025,2,744.6216407106792,323,151,0.0,Antes da campanha,240512.7899495494,128074.92220223683
R,Distribuidor,2025,2,751.6033843397323,348,163,0.0,Antes da campanha,261557.97775022686,139046.62610285048
S,Construtora,2025,2,557.8174232259344,392,112,0.0,Antes da campanha,218664.42990456626,156188.87850326163
T,Varejo,2025,2,394.1768186162192,320,161,0.0,Antes da campanha,126136.58195719014,62674.114159978846
U,Distribuidor,2025,2,283.46219505521185,362,146,0.0,Antes da campanha,102613.31460998669,61227.83413192576
V,Construtora,2025,2,270.8422511303646,316,182,0.0,Antes da campanha,85586.15135719522,36292.86165146886
X,Varejo,2025,2,347.67360049973564,293,161,0.0,Antes da campanha,101868.36494642255,45892.91526596511
A,Construtora,2025,3,689.738155835,304,165,0.0,Antes da campanha,209680.39937384002,95873.603661065
B,Varejo,2025,3,755.6558041280866,268,163,0.0,Antes da campanha,202515.75550632723,79343.85943344909
C,Distribuidor,2025,3,543.035951306372,322,193,0.0,Antes da campanha,174857.57632065177,70051.63771852199
D,Construtora,2025,3,629.451493291437,250,171,0.0,Antes da campanha,157362.87332285926,49726.667970023525
E,Varejo,2025,3,686.625767006489,321,192,0.0,Antes da campanha,220406.87120908298,88574.72394383709
F,Distribuidor,2025,3,413.53936831339104,324,196,0.0,Antes da campanha,133986.7553335387,52933.03914411405
G,Construtora,2025,3,226.2696798086916,322,174,0.0,Antes da campanha,72858.83689839869,33487.912611686355
H,Varejo,2025,3,162.6743474120884,339,200,0.0,Antes da campanha,55146.60377269796,22611.73429028029
I,Distribuidor,2025,3,176.24903015686832,389,149,0.0,Antes da campanha,68560.87273102178,42299.7672376484
J,Construtora,2025,3,258.9881440010462,280,124,0.0,Antes da campanha,72516.68032029293,40402.150464163205
K,Varejo,2025,3,103.44369010404927,339,155,0.0,Antes da campanha,35067.4109452727,19033.638979145064
L,Distribuidor,2025,3,464.01756392744267,379,165,0.0,Antes da campanha,175862.65672850076,99299.75868047273
M,Construtora,2025,3,638.2200693981631,276,195,0.0,Antes da campanha,176148.73915389302,51695.82562125121
N,Varejo,2025,3,112.01763711312708,271,152,0.0,Antes da campanha,30356.77965765744,13330.098816462123
O,Distribuidor,2025,3,968.8789676342719,381,179,0.0,Antes da campanha,369142.8866686576,195713.55146212294
P,Construtora,2025,3,84.97283921367583,300,155,0.0,Antes da campanha,25491.851764102747,12321.061685982995
Q,Varejo,2025,3,839.679722503532,323,151,0.0,Antes da campanha,271216.55036864086,144424.9122706075
R,Distribuidor,2025,3,925.0503191873629,348,163,0.0,Antes da campanha,321917.5110772023,171134.30904966214
S,Construtora,2025,3,472.38592597511547,392,112,0.0,Antes da campanha,185175.28298224526,132268.05927303233
T,Varejo,2025,3,405.43901343382544,320,161,0.0,Antes da campanha,129740.48429882414,64464.80313597825
U,Distribuidor,2025,3,280.71013490904477,362,146,0.0,Antes da campanha,101617.0688370742,60633.38914035367
V,Construtora,2025,3,248.4791294773987,316,182,0.0,Antes da campanha,78519.40491485798,33296.20334997142
X,Varejo,2025,3,375.0187151457822,293,161,-0.03,Antes da campanha,109880.48353771419,49502.470399243255
A,Construtora,2025,4,703.672259993283,304,165,-0.03,Depois da campanha,213916.36703795803,97810.44413906633
B,Varejo,2025,4,664.0611612034701,268,163,-0.03,Depois da campanha,177968.39120252998,69726.42192636436
C,Distribuidor,2025,4,521.3145132541171,322,193,-0.03,Depois da campanha,167863.2732678257,67249.5722097811
D,Construtora,2025,4,609.7811341260797,250,171,-0.03,Depois da campanha,152445.28353151993,48172.709595960296
E,Varejo,2025,4,798.7279330483647,321,192,-0.03,Depois da campanha,256391.66650852506,103035.90336323903
F,Distribuidor,2025,4,532.3219528289396,324,196,-0.03,Depois da campanha,172472.31271657645,68137.20996210427
G,Construtora,2025,4,245.12548645941592,322,174,-0.03,Depois da campanha,78930.40663993193,36278.57199599356
H,Varejo,2025,4,227.74408637692378,339,200,-0.03,Depois da campanha,77205.24528177716,31656.428006392405
I,Distribuidor,2025,4,187.99896550065952,389,149,-0.03,Depois da campanha,73131.59757975655,45119.75172015829
J,Construtora,2025,4,272.0683532940283,280,124,-0.03,Depois da campanha,76179.13892232793,42442.66311386842
K,Varejo,2025,4,90.12915573422114,339,155,-0.03,Depois da campanha,30553.783793900966,16583.76465509669
L,Distribuidor,2025,4,389.44331258196075,379,165,-0.03,Depois da campanha,147599.01546856313,83340.8688925396
M,Construtora,2025,4,738.33302146062,276,195,-0.03,Depois da campanha,203779.91392313113,59804.97473831022
N,Varejo,2025,4,122.89313586197436,271,152,-0.03,Depois da campanha,33304.039818595054,14624.28316757495
O,Distribuidor,2025,4,1162.6547611611263,381,179,-0.03,Depois da campanha,442971.4640023891,234856.2617545475
P,Construtora,2025,4,88.37175278222286,300,155,-0.03,Depois da campanha,26511.525834666856,12813.904153422314
Q,Varejo,2025,4,863.4442429517452,323,151,-0.03,Depois da campanha,278892.4904734137,148512.40978770016
R,Distribuidor,2025,4,726.8252507900708,348,163,-0.03,Depois da campanha,252935.18727494462,134462.6713961631
S,Construtora,2025,4,618.1220095206298,392,112,-0.03,Depois da campanha,242303.82773208688,173074.16266577636
T,Varejo,2025,4,476.7662472786651,320,161,-0.03,Depois da campanha,152565.19912917283,75805.83331730776
U,Distribuidor,2025,4,288.9663153475461,362,146,-0.03,Depois da campanha,104605.80615581168,62416.72411506995
V,Construtora,2025,4,236.05517300352875,316,182,-0.03,Depois da campanha,74593.43466911509,31631.393182472853
X,Varejo,2025,4,425.8024994884403,293,161,-0.03,Depois da campanha,124760.132350113,56205.929932474115
A,Construtora,2025,5,682.7711037558587,304,165,-0.03,Depois da campanha,207562.41554178105,94905.18342206437
B,Varejo,2025,5,885.4148816046268,268,163,-0.03,Depois da campanha,237291.18827003997,92968.56256848581
C,Distribuidor,2025,5,597.3395464370093,322,193,-0.03,Depois da campanha,192343.333952717,77056.8014903742
D,Construtora,2025,5,813.0415121681062,250,171,-0.03,Depois da campanha,203260.37804202657,64230.27946128039
E,Varejo,2025,5,602.5491424750821,321,192,-0.03,Depois da campanha,193418.27473450138,77728.8393792856
F,Distribuidor,2025,5,395.9419483851617,324,196,-0.03,Depois da campanha,128285.1912767924,50680.5693933007
G,Construtora,2025,5,306.4068580742699,322,174,-0.03,Depois da campanha,98663.00829991492,45348.21499499195
H,Varejo,2025,5,162.6743474120884,339,200,-0.03,Depois da campanha,55146.60377269796,22611.73429028029
I,Distribuidor,2025,5,152.74915946928587,389,149,-0.03,Depois da campanha,59419.4230335522,36659.798272628606
J,Construtora,2025,5,222.3635579806962,280,124,-0.03,Depois da campanha,62261.79623459494,34688.71504498861
K,Varejo,2025,5,123.92758913455407,339,155,-0.03,Depois da campanha,42011.45271661383,22802.676400757948
L,Distribuidor,2025,5,468.16057789108044,379,165,-0.03,Depois da campanha,177432.85902071948,100186.3636686912
M,Construtora,2025,5,763.3612594762343,276,195,-0.03,Depois da campanha,210687.70761544065,61832.262017574976
N,Varejo,2025,5,135.94373436059112,271,152,-0.03,Depois da campanha,36840.75201172019,16177.304388910343
O,Distribuidor,2025,5,922.7418739374018,381,179,-0.03,Depois da campanha,351564.6539701501,186393.85853535516
P,Construtora,2025,5,88.37175278222286,300,155,-0.03,Depois da campanha,26511.525834666856,12813.904153422314
Q,Varejo,2025,5,784.2291747910346,323,151,-0.03,Depois da campanha,253306.02345750417,134887.41806405794
R,Distribuidor,2025,5,883.753429937927,348,163,-0.03,Depois da campanha,307546.19361839857,163494.3845385165
S,Construtora,2025,5,582.9443341820574,392,112,-0.03,Depois da campanha,228514.17899936653,163224.4135709761
T,Varejo,2025,5,349.12803934579415,320,161,-0.03,Depois da campanha,111720.97259065413,55511.35825598127
U,Distribuidor,2025,5,291.7183754937132,362,146,-0.03,Depois da campanha,105602.05192872418,63011.16910664205
V,Construtora,2025,5,303.1445379624264,316,182,-0.03,Depois da campanha,95793.67399612674,40621.368086965136
X,Varejo,2025,5,351.5800454491709,293,161,-0.03,Depois da campanha,103012.95331660706,46408.56599929056
A,Construtora,2025,6,759.4086766264143,304,165,-0.03,Depois da campanha,230860.23769442993,105557.80605107159
B,Varejo,2025,6,984.6424114396281,268,163,-0.03,Depois da campanha,263884.1662658203,103387.45320116094
C,Distribuidor,2025,6,581.0484678978181,322,193,-0.03,Depois da campanha,187097.60666309742,74955.25235881854
D,Construtora,2025,6,596.6675613491748,250,171,-0.03,Depois da campanha,149166.8903372937,47136.73734658481
E,Varejo,2025,6,721.6576938945752,321,192,-0.03,Depois da campanha,231652.11974015864,93093.84251240021
F,Distribuidor,2025,6,395.9419483851617,324,196,-0.03,Depois da campanha,128285.1912767924,50680.5693933007
G,Construtora,2025,6,200.3429456639457,322,174,-0.03,Depois da campanha,64510.428503790514,29650.755958263962
H,Varejo,2025,6,223.9164546731099,339,200,-0.03,Depois da campanha,75907.67813418426,31124.387199562276
I,Distribuidor,2025,6,159.46340823716653,389,149,-0.03,Depois da campanha,62031.26580425778,38271.217976919965
J,Construtora,2025,6,295.6127300213961,280,124,-0.03,Depois da campanha,82771.56440599091,46115.58588333779
K,Varejo,2025,6,119.8308093284531,339,155,-0.03,Depois da campanha,40622.6443623456,22048.86891643537
L,Distribuidor,2025,6,356.29920087285774,379,165,-0.03,Depois da campanha,135037.39713081307,76248.02898679156
M,Construtora,2025,6,719.5618429489093,276,195,-0.03,Depois da campanha,198599.06865389898,58284.50927886165
N,Varejo,2025,6,126.15578548662855,271,152,-0.03,Depois da campanha,34188.21786687634,15012.538472908796
O,Distribuidor,2025,6,1079.60799250676,381,179,-0.03,Depois da campanha,411330.64514507557,218080.8144863655
P,Construtora,2025,6,79.02474046871852,300,155,-0.03,Depois da campanha,23707.422140615556,11458.587367964185
Q,Varejo,2025,6,926.8162974803136,323,151,-0.03,Depois da campanha,299361.6640861413,159412.40316661392
R,Distribuidor,2025,6,858.9752963882655,348,163,-0.03,Depois da campanha,298923.4031431164,158910.42983182913
S,Construtora,2025,6,653.2996848592023,392,112,-0.03,Depois da campanha,256093.47646480732,182923.91176057665
T,Varejo,2025,6,476.7662472786651,320,161,-0.03,Depois da campanha,152565.19912917283,75805.83331730776
U,Distribuidor,2025,6,288.9663153475461,362,146,-0.03,Depois da campanha,104605.80615581168,62416.72411506995
V,Construtora,2025,6,270.8422511303646,316,182,-0.03,Depois da campanha,85586.15135719522,36292.86165146886
X,Varejo,2025,6,468.7733939322278,293,161,-0.03,Depois da campanha,137350.60442214276,61878.08799905407
