Ano;Centro de custo;Regional;Estado;Município;Negócio;Unidade;Nome do projeto;Tecnologia;Temas prioritários;Categoria;Tipo;Carry over?;Possibilidade de corte ?;Conta como iniciativa ?;Valor voluntário VC;Valor incentivado/condicionante;Valor contrapartida/alavancado;Valor total;Cadastro GIS;ID GIS;1° monitoramento;3° Monitoramento;PROCX 
2025;4VP642;CN;Mato Grosso;Cuiabá;Cimentos;Unidade Cuiabá;Evoluir Pocket- Qualificação de Mão de Obra ;Qualificação de mão de obra;Educação profissionalizante;Conexão com negócio;Local;Não;Não;1;30.000,00;0,00;0,00;30.000,00;Pendente;;;;0,00
2025;4VP642;CN;Mato Grosso do Sul;Corumbá;Cimentos;Unidade Corumbá;Evoluir Pocket - Qualificação de Mão de Obra ;Qualificação de mão de obra;Educação profissionalizante;Conexão com negócio;Local;Não;Não;1;0,00;0,00;0,00;0,00;Pendente;;;;0,00
2025;4VP642;CN;;;;Regional;PVE Recurso Local;PVE - Recurso Local;Gestão;Gestão;Local;Sim;Não;0;29.216,25;0,00;0,00;29.216,25;N/A;N/A;;;0,00
2025;4VP642;CN;;;;Regional;Voluntariado;Voluntariado;Voluntariado;Relacionamento;Local;Sim;Não;1;63.000,00;0,00;0,00;63.000,00;N/A;N/A;;;0,00
2025;4VP642;Corporativo;São Paulo;São Paulo;Escritório;Centro Corporativo São Paulo;Voluntariado: Espaços Públicos (Medelin, parceria com outras empresas, marco 2025);Habitação;Habitação;Conexão com negócio;Local;Não;Sim;1;60.000,00;0,00;0,00;60.000,00;N/A;N/A;;;0,00
2025;4VP642;Corporativo;São Paulo;São Paulo;Escritório;Centro Corporativo São Paulo;Reforma VC - Diversidade;Reforma VC;Habitação;Conexão com negócio;Local;Não;Sim;1;70.000,00;0,00;0,00;70.000,00;N/A;N/A;;;0,00
2025;4VP642;Corporativo;São Paulo;São Paulo;Escritório;Centro Corporativo São Paulo;Água Camelo;Água e saneamento;Água e Saneamento;Conexão com negócio;Local;Não;Sim;1;150.000,00;0,00;0,00;150.000,00;N/A;N/A;;;0,00
2025;4VP642;Corporativo;São Paulo;São Paulo;Escritório;Centro Corporativo São Paulo;Viter e parceria Citrosuco;Rede Transformar;Inclusão produtiva;Conexão com negócio;Local;Não;Sim;1;100.000,00;0,00;100.000,00;200.000,00;N/A;N/A;;;0,00
2025;4VP642;Corporativo;São Paulo;São Paulo;Escritório;Centro Corporativo São Paulo;Habita VC: Construção de cisternas;Rede Transformar;Habitação;Conexão com negócio;Local;Sim;Não;1;220.000,00;0,00;300.000,00;520.000,00;Pendente;N/A;;;0,00
2025;4VP642;Corporativo;São Paulo;São Paulo;Escritório;Centro Corporativo São Paulo;Habita VC: Escola da Cidade;Habitação;Habitação;Conexão com negócio;Local;Sim;Não;1;0,00;0,00;0,00;0,00;Pendente;N/A;;;0,00
2025;4VP642;Corporativo;São Paulo;São Paulo;Escritório;Centro Corporativo São Paulo;Habita VC: Brigadas de Voluntariado (Comuta e Habitat);Habitação;Habitação;Conexão com negócio;Local;Sim;Não;1;170.000,00;0,00;0,00;170.000,00;Pendente;N/A;;;0,00
2025;4VP642;Corporativo;São Paulo;São Paulo;Escritório;Centro Corporativo São Paulo;Habita VC: Cimentando o Futuro;Habitação;Habitação;Conexão com negócio;Local;Sim;Não;1;206.000,00;0,00;450.000,00;656.000,00;Pendente;866,00;;;866,00
2025;4VP642;Corporativo;São Paulo;São Paulo;Escritório;Centro Corporativo São Paulo;Habita VC: Coalizão pela Habitação;Habitação;Habitação;Conexão com negócio;Local;Sim;Não;1;120.000,00;0,00;683.000,00;803.000,00;Pendente;N/A;;;0,00
2025;4VP642;Corporativo;São Paulo;São Paulo;Escritório;Centro Corporativo São Paulo;Logística do voluntariado;Gestão do voluntariado;Gestão;Gestão;Local;Sim;Não;0;7.000,00;0,00;0,00;7.000,00;N/A;N/A;;;0,00
2025;4VP642;Corporativo;São Paulo;São Paulo;Escritório;Centro Corporativo São Paulo;Use e Reuse;Use e Reuse;Qualificação de organizações sociais;Conexão com negócio;Local;Sim;Não;1;5.000,00;0,00;0,00;5.000,00;N/A;N/A;;;0,00
2025;4VP642;Corporativo;São Paulo;São Paulo;Escritório;Centro Corporativo São Paulo;Manutenção do canal de queixas e reclamações;Gestão;Engajamento comunitário;Relacionamento;Local;Sim;Não;1;40.000,00;0,00;0,00;40.000,00;N/A;N/A;;;0,00
2025;4VP642;Corporativo;São Paulo;São Paulo;Escritório;Centro Corporativo São Paulo;Desdobramento da estratégia global de voluntariado;Voluntariado;Voluntariado;Relacionamento;Local;Sim;Não;1;30.000,00;0,00;0,00;30.000,00;N/A;N/A;;;0,00
2025;4VP642;Corporativo;São Paulo;São Paulo;Escritório;Centro Corporativo São Paulo;Rede Transformar - Gestão SITAWI e Prosas;Rede Transformar;Gestão;Gestão;Local;Sim;Não;1;241.200,00;0,00;325.000,00;566.200,00;N/A;N/A;;;0,00
2025;4VP642;Corporativo;São Paulo;São Paulo;Escritório;Centro Corporativo São Paulo;Voluntariado global - Sistema;Gestão do voluntariado;Gestão;Gestão;Local;Sim;Não;1;95.000,00;0,00;0,00;95.000,00;N/A;N/A;;;0,00
2025;4VP642;NE;Bahia;Camaçari;Argamassa;Unidade Camaçari;Evoluir ;Qualificação de mão de obra;Educação profissionalizante;Conexão com negócio;Local;Sim;Não;1;33.600,00;0,00;0,00;33.600,00;ok;1.021,00;;;0,00
2025;4VP642;NE;Ceará;Caucaia;Cimentos;Unidade Pecém;Evoluir;Qualificação de mão de obra;Educação profissionalizante;Conexão com negócio;Local;Sim;Não;1;0,00;0,00;0,00;0,00;Pendente;Pendente;;;0,00
2025;4VP642;NE;Ceará;Sobral;Cimentos;Unidade Cearense Sobral;Evoluir;Qualificação de mão de obra;Educação profissionalizante;Conexão com negócio;Local;Sim;Não;1;58.432,50;0,00;0,00;58.432,50;ok;1.023,00;;;0,00
2025;4VP642;NE;Maranhão;São Luís;Cimentos;Unidade São Luís;Evoluir;Qualificação de mão de obra;Educação profissionalizante;Conexão com negócio;Local;Não;Não;1;93.492,00;0,00;0,00;93.492,00;ok;1.022,00;;;0,00
2025;4VP642;NE;Pará;Primavera;Cimentos;Unidade Primavera;Evoluir;Qualificação de mão de obra;Educação profissionalizante;Conexão com negócio;Local;Não;Não;1;53.760,00;0,00;0,00;53.760,00;ok;1.020,00;;;0,00
2025;4VP642;NE;Pernambuco;Paulista;Cimentos;Unidade Poty Paulista;Evoluir;Qualificação de mão de obra;Educação profissionalizante;Conexão com negócio;Local;Sim;Não;1;0,00;0,00;0,00;0,00;Pendente;Pendente;;;0,00
2025;4VP642;NE;Sergipe;Laranjeiras;Cimentos;Unidade Cimesa;Evoluir;Qualificação de mão de obra;Educação profissionalizante;Conexão com negócio;Local;Não;Não;1;95.741,10;0,00;0,00;95.741,10;ok;1.019,00;;;0,00
2025;4VP642;NE;Pará;Primavera;Cimentos;Unidade Primavera;AGP Saúde;AGP - Saúde;Apoio à Gestão Pública;Desenvolvimento local;IV;Sim;Não;1;50.000,00;0,00;107.887,00;157.887,00;N/A;679,00;;;679,00
2025;4VP642;NE;Bahia;Camaçari;Argamassa;Unidade Camaçari;PVE;PVE;Educação básica;Desenvolvimento local;IV;Sim;Não;1;88.000,00;0,00;145.062,00;233.062,00;N/A;644,00;;;644,00
2025;4VP642;NE;Pará;Capanema;Cimentos;Unidade Primavera;PVE;PVE;Educação básica;Desenvolvimento local;IV;Sim;Sim;1;88.000,00;0,00;145.062,00;233.062,00;N/A;680,00;;;680,00
2025;4VP642;NE;Pará;Primavera;Cimentos;Unidade Primavera;PVE;PVE;Educação básica;Desenvolvimento local;IV;Sim;Não;1;88.000,00;0,00;145.062,00;233.062,00;N/A;624,00;;;624,00
2025;4VP642;NE;Pernambuco;Trindade;Cimentos;Mineradora Ponta da Serra;PVE;PVE;Educação básica;Desenvolvimento local;IV;Sim;Sim;1;88.000,00;0,00;145.062,00;233.062,00;N/A;643,00;;;643,00
2025;4VP642;NE;Pará;Primavera;Cimentos;Unidade Primavera;Valor VC - Apicultura;Valor VC;Inclusão produtiva;Desenvolvimento local;Local;Sim;Não;1;99.750,00;0,00;0,00;99.750,00;ok;745,00;;;0,00
2025;4VP642;NE;Pará;Primavera;Cimentos;Unidade Primavera;Valor VC Castanha;Valor VC;Inclusão produtiva;Desenvolvimento local;Local;Sim;Não;1;85.050,00;0,00;0,00;85.050,00;ok;746,00;;;0,00
2025;4VP642;NE;Pará;Primavera;Cimentos;Unidade Primavera;Valor VC Siquiriba;Valor VC;Inclusão produtiva;Desenvolvimento local;Local;Sim;Não;1;68.250,00;0,00;0,00;68.250,00;ok;747,00;;;0,00
2025;4VP642;NE;Sergipe;Laranjeiras;Cimentos;Unidade Cimesa;Valor VC;Valor VC;Inclusão produtiva;Desenvolvimento local;Local;Sim;Não;1;46.412,56;0,00;0,00;46.412,56;ok;1.032,00;;;0,00
2025;4VP642;NE;Ceará;Sobral;Cimentos;Unidade Cearense Sobral;Conselho Comunitário;Conselho Comunitário;Engajamento comunitário;Relacionamento;Local;Sim;Não;1;49.350,00;0,00;0,00;49.350,00;ok;740,00;;;0,00
2025;4VP642;NE;Pará;Primavera;Cimentos;Unidade Primavera;Conselho Comunitário;Conselho Comunitário;Engajamento comunitário;Relacionamento;Local;Sim;Não;1;40.000,00;0,00;0,00;40.000,00;ok;748,00;;;0,00
2025;4VP642;NE;Bahia;Camaçari;Argamassa;Unidade Camaçari;Plano de Relacionamento com Comunidade;Plano de Relacionamento com Comunidade;Engajamento comunitário;Relacionamento;Local;Sim;Não;1;15.000,00;0,00;0,00;15.000,00;ok;739,00;;;0,00
2025;4VP642;NE;Pará;Ananindeua;Argamassa;Unidade Ananindeua;Plano de Relacionamento com Comunidade;Plano de Relacionamento com Comunidade;Engajamento comunitário;Relacionamento;Local;Sim;Não;1;10.000,00;0,00;0,00;10.000,00;ok;738,00;;;0,00
2025;4VP642;NE;Alagoas;Arapiraca;Centro de Distribuição;CD Arapiraca;Plano de Relacionamento com Comunidade;Plano de Relacionamento com Comunidade;Engajamento comunitário;Relacionamento;Local;Sim;Não;1;2.100,00;0,00;0,00;2.100,00;Pendente;Pendente;;;0,00
2025;4VP642;NE;Bahia;Feira de Santana;Centro de Distribuição;CD Feira de Santana;Plano de Relacionamento com Comunidade;Plano de Relacionamento com Comunidade;Engajamento comunitário;Relacionamento;Local;Sim;Não;1;2.100,00;0,00;0,00;2.100,00;Pendente;Pendente;;;0,00
2025;4VP642;NE;Ceará;Fortaleza;Centro de Distribuição;CD Aracapé;Plano de Relacionamento com Comunidade;Plano de Relacionamento com Comunidade;Engajamento comunitário;Relacionamento;Local;Sim;Não;1;5.250,00;0,00;0,00;5.250,00;Pendente;Pendente;;;0,00
2025;4VP642;NE;Pernambuco;Caruaru;Centro de Distribuição;CD Caruaru;Plano de Relacionamento com Comunidade;Plano de Relacionamento com Comunidade;Engajamento comunitário;Relacionamento;Local;Sim;Não;1;2.100,00;0,00;0,00;2.100,00;Pendente;Pendente;;;0,00
2025;4VP642;NE;Pernambuco;Petrolina;Centro de Distribuição;CD Petrolina;Plano de Relacionamento com Comunidade;Plano de Relacionamento com Comunidade;Engajamento comunitário;Relacionamento;Local;Sim;Não;1;2.100,00;0,00;0,00;2.100,00;Pendente;Pendente;;;0,00
2025;4VP642;NE;Ceará;Caucaia;Cimentos;Unidade Pecém;Plano de Relacionamento com Comunidade;Plano de Relacionamento com Comunidade;Engajamento comunitário;Relacionamento;Local;Sim;Não;1;8.400,00;0,00;0,00;8.400,00;ok;1.031,00;;;0,00
2025;4VP642;NE;Ceará;Sobral;Cimentos;Unidade Cearense Sobral;Plano de Relacionamento com Comunidade;Plano de Relacionamento com Comunidade;Engajamento comunitário;Relacionamento;Local;Sim;Não;1;20.000,00;0,00;0,00;20.000,00;ok;741,00;;;0,00
2025;4VP642;NE;Maranhão;São Luís;Cimentos;Unidade São Luís;Plano de Relacionamento com Comunidade;Plano de Relacionamento com Comunidade;Engajamento comunitário;Relacionamento;Local;Sim;Não;1;8.400,00;0,00;0,00;8.400,00;ok;750,00;;;0,00
2025;4VP642;NE;Pará;Primavera;Cimentos;Unidade Primavera;Plano de Relacionamento com Comunidade;Plano de Relacionamento com Comunidade;Engajamento comunitário;Relacionamento;Local;Sim;Não;1;8.400,00;0,00;0,00;8.400,00;ok;749,00;;;0,00
2025;4VP642;NE;Pernambuco;Paulista;Cimentos;Unidade Poty Paulista;Plano de Relacionamento com Comunidade;Plano de Relacionamento com Comunidade;Engajamento comunitário;Relacionamento;Local;Sim;Não;1;15.000,00;0,00;0,00;15.000,00;ok;744,00;;;0,00
2025;4VP642;NE;Pernambuco;Trindade;Cimentos;Mineradora Ponta da Serra;Plano de Relacionamento com Comunidade;Plano de Relacionamento com Comunidade;Engajamento comunitário;Relacionamento;Local;Sim;Não;1;20.000,00;0,00;0,00;20.000,00;ok;737,00;;;0,00
2025;4VP642;NE;Sergipe;Laranjeiras;Cimentos;Unidade Cimesa;Plano de Relacionamento com Comunidade;Plano de Relacionamento com Comunidade;Engajamento comunitário;Relacionamento;Local;Sim;Não;1;20.000,00;0,00;0,00;20.000,00;ok;743,00;;;0,00
2025;4VP642;NE;Ceará;Caucaia;Cimentos;Unidade Pecém;Chá Tecnológico e Social Itinerante - 3ª edição - Idear;Projeto incentivado;Projetos incentivados;Relacionamento;Incentivado;Sim;Não;1;0,00;66.378,64;0,00;66.378,64;N/A;N/A;;;0,00
2025;4VP642;NE;Ceará;Caucaia;Cimentos;Unidade Pecém;Projeto Judo - Educando e Formando Cidadão;Projeto incentivado;Projetos incentivados;Relacionamento;Incentivado;Sim;Não;1;0,00;33.189,32;0,00;33.189,32;N/A;N/A;;;0,00
2025;4RE662;NE;Ceará;Caucaia;Cimentos;Unidade Pecém;Menina Olímpica;Projeto incentivado;Projetos incentivados;Relacionamento;Incentivado;Sim;Não;1;0,00;121.696,00;0,00;121.696,00;N/A;N/A;;;0,00
2025;4RE662;NE;Ceará;Caucaia;Cimentos;Unidade Pecém;Programando e Aprendendo;Projeto incentivado;Projetos incentivados;Relacionamento;Incentivado;Sim;Não;1;0,00;60.848,00;0,00;60.848,00;N/A;N/A;;;0,00
2025;4RE662;NE;Ceará;Sobral;Cimentos;Unidade Cearense Sobral;Chá Tecnológico Social e Itinerante;Projeto incentivado;Projetos incentivados;Relacionamento;Incentivado;Sim;Não;1;0,00;60.848,00;0,00;60.848,00;N/A;N/A;;;0,00
2025;4RE662;NE;Ceará;Sobral;Cimentos;Unidade Cearense Sobral;Projeto Vida nas Teias da Cultura;Projeto incentivado;Projetos incentivados;Relacionamento;Incentivado;Sim;Não;1;0,00;243.392,43;0,00;243.392,43;N/A;N/A;;;0,00
2025;4VP642;NE;;;;Regional;Voluntariado;Voluntariado;Voluntariado;Relacionamento;Local;Sim;Não;1;44.100,00;0,00;0,00;44.100,00;N/A;N/A;;;0,00
2025;4RE662;NE;Ceará;Sobral;Cimentos;Unidade Cearense Sobral;PRONAS E PRONON;Projeto incentivado;Projetos incentivados;Relacionamento;Incentivado;Sim;Não;1;0,00;121.696,00;;121.696,00;N/A;N/A;;;0,00
2025;4VP642;SE;Minas Gerais;Itaú de Minas;Fazendas;Fazenda São Miguel;Itaú Agro;Cadeias produtivas;Engajamento comunitário;Conexão com negócio;Local;Sim;Não;1;0,00;0,00;0,00;0,00;N/A;N/A;;;0,00
2025;4VP642;SE;;;;Regional;Evoluir ;Recurso para alimentação - Evoluir;Educação profissionalizante;Conexão com negócio;Local;Sim;Não;0;3.000,00;0,00;0,00;3.000,00;N/A;N/A;;;0,00
2025;4VP642;SE;;;;Regional;PVE;PVE - Recurso Local;Educação básica;Desenvolvimento local;Local;Sim;Não;0;3.000,00;0,00;0,00;3.000,00;N/A;N/A;;;0,00
2025;4VP642;SE;;;;Regional;VIA - CMDCA;Gestão;Garantia e promoção de Direitos Humanos;Desenvolvimento local;Local;Sim;Não;1;4.000,00;0,00;0,00;4.000,00;N/A;N/A;;;0,00
2025;4VP642;SE;;;;Regional;Voluntariado;Voluntariado;Voluntariado;Relacionamento;Local;Sim;Não;1;40.000,00;0,00;0,00;40.000,00;N/A;N/A;;;0,00
2025;4VP642;SE;São Paulo;Itapecerica da Serra;Agregados;Unidade Itapecerica da Serra;VIA - CMDCA;VIA - Fortalecimento CMDCA;Garantia e promoção de Direitos Humanos;Desenvolvimento local;IV;Sim;Não;1;88.000,00;33.189,32;62.366,00;183.555,32;N/A;614,00;n/a;n/a;614,00
2025;4VP642;SE;Minas Gerais;Itaú de Minas;Cimentos;Unidade Itaú de Minas;Itaú Sustentável;Restauração florestal;Engajamento comunitário;Conexão com negócio;Local;Não;Sim;1;50.000,00;0,00;0,00;50.000,00;Pendente;781;ok;ok;0,00
2025;4VP642;SE;São Paulo;Ribeirão Grande;Cimentos;Unidade Ribeirão Grande;Agricultura Sustentável;Valor VC;Inclusão produtiva;Conexão com negócio;Local;Sim;Não;1;60.000,00;0,00;0,00;60.000,00;Pendente;775;;;0,00
2025;4VP642;SE;São Paulo;Salto de Pirapora;Cimentos;Unidade Salto de Pirapora;PVE;PVE;Educação básica;Desenvolvimento local;IV;Sim;Não;1;0,00;0,00;233.062,00;233.062,00;N/A;646,00;n/a;n/a;646,00
2025;4VP642;SE;São Paulo;Salto de Pirapora;Cimentos;Unidade Salto de Pirapora;Evoluir ;Qualificação de mão de obra;Educação profissionalizante;Conexão com negócio;Local;Sim;Não;1;89.000,00;0,00;0,00;89.000,00;ok;779;OK;ok;0,00
2025;4VP599;SUL;Paraná;Itaperuçu;Cimentos;Unidade Rio Branco do Sul;Geração Z;Projeto incentivado;Projetos incentivados;Relacionamento;Incentivado;Sim;Sim;1;0,00;132.757,28;0,00;132.757,28;N/A;N/A;;;0,00
2025;4VP642;SUL;Rio Grande do Sul;Esteio;Cimentos;Unidade Esteio;PISEG RS;Projeto incentivado;Projetos incentivados;Relacionamento;Incentivado;Não;Sim;1;10.000,00;100.000,00;0,00;110.000,00;N/A;N/A;;;0,00
2025;4VP642;SUL;Rio Grande do Sul;Canoas;Concreto;Filial Canoas;PISEG RS;Projeto incentivado;Projetos incentivados;Relacionamento;Incentivado;Não;Sim;1;10.000,00;100.000,00;0,00;110.000,00;N/A;N/A;;;0,00
2025;4VP642;SUL;Rio Grande do Sul;Pinheiro Machado;Cimentos;Unidade Pinheiro Machado;PISEG RS;Projeto incentivado;Projetos incentivados;Relacionamento;Incentivado;Não;Sim;1;10.000,00;100.000,00;0,00;110.000,00;N/A;N/A;;;0,00
2025;4VP642;SUL;Rio Grande do Sul;Esteio;Cimentos;Unidade Esteio;AGP Clima;AGP - Clima;Apoio à Gestão Pública;Desenvolvimento local;IV;Sim;Não;1;0,00;0,00;245.722,00;245.722,00;OK;681,00;;;681,00
2025;4VP642;SUL;Paraná;Rio Branco do Sul;Cimentos;Unidade Rio Branco do Sul;Evoluir QualiMob Mineração;Qualificação de mão de obra;Educação profissionalizante;Conexão com negócio;Local;Sim;Não;1;15.000,00;0,00;0,00;15.000,00;Pendente;N/A;;;0,00
2025;4VP642;SUL;Rio Grande do Sul;Canoas;Concreto;Filial Canoas;Regenera RS;Qualificação de mão de obra;Educação profissionalizante;Conexão com negócio;Local;Sim;Não;1;60.000,00;0,00;0,00;60.000,00;Pendente;883;;;0,00
2025;4VP642;SUL;Rio Grande do Sul;Canoas;Concreto;Filial Canoas;Reforma VC;Reforma VC;Habitação;Conexão com negócio;Local;Não;Não;1;50.000,00;0,00;0,00;50.000,00;Pendente;N/A;;;0,00
2025;4VP642;SUL;Santa Catarina;Imbituba;Porto ;Porto Imbituba;Plano de Relacionamento com Comunidade;Plano de Relacionamento com Comunidade;Engajamento comunitário;Relacionamento;Local;Sim;Não;1;2.000,00;0,00;0,00;2.000,00;Pendente;884;;;0,00
2025;4VP642;SUL;Santa Catarina;Imbituba;Cimentos;Unidade Imbituba;Plano de Relacionamento com Comunidade;Plano de Relacionamento com Comunidade;Engajamento comunitário;Relacionamento;Local;Sim;Não;1;2.000,00;0,00;0,00;2.000,00;Pendente;884;;;0,00
2025;4VP642;SUL;-;;;Regional;Voluntariado;Voluntariado;Voluntariado;Relacionamento;Local;Sim;Não;1;31.500,00;0,00;0,00;31.500,00;N/A;N/A;;;0,00
2025;3PC203;PdC;Bahia;Cachoeira;Usina hidrelétrica;UHE Pedra do Cavalo;PVE - Cachoeira;PVE;Educação básica;Desenvolvimento local;IV;Sim;Não;1;88.000,00;0,00;145.062,00;233.062,00;N/A;621,00;;;621,00
2025;3PC203;PdC;Bahia;São Félix;Usina hidrelétrica;UHE Pedra do Cavalo;PVE - São Félix;PVE;Educação básica;Desenvolvimento local;IV;Sim;Não;1;88.000,00;0,00;145.062,00;233.062,00;N/A;623,00;;;623,00
2025;3PC203;PdC;Bahia;Maragogipe;Usina hidrelétrica;UHE Pedra do Cavalo;PVE - Maragogipe;PVE;Educação básica;Desenvolvimento local;IV;Sim;Não;1;88.000,00;0,00;145.062,00;233.062,00;N/A;622,00;;;622,00
2025;3PC203;PdC;Bahia;Maragogipe;Usina hidrelétrica;UHE Pedra do Cavalo;ReDes - Cultivando Ostras ;Redes - Incubação;Inclusão produtiva;Desenvolvimento local;IV;Sim;Não;1;190.000,00;0,00;85.734,00;275.734,00;N/A;607,00;;;607,00
2025;3PC203;PdC;Bahia;Maragogipe;Usina hidrelétrica;UHE Pedra do Cavalo;ReDes - Força Quilombola do Dendê ;Redes - Negócios;Inclusão produtiva;Desenvolvimento local;IV;Sim;Não;1;180.000,00;0,00;109.494,00;289.494,00;N/A;648,00;;;648,00
2025;3PC203;PdC;Bahia;Cachoeira;Usina hidrelétrica;UHE Pedra do Cavalo;ReDes - Mulheres Marisqueiras ;Redes - Negócios;Inclusão produtiva;Desenvolvimento local;IV;Sim;Não;1;180.000,00;0,00;109.494,00;289.494,00;N/A;647,00;;;647,00
2025;3PC203;PdC;Bahia;Cachoeira;Usina hidrelétrica;UHE Pedra do Cavalo;ReDes - Tabuleiro da Vitória ;Redes - Negócios;Inclusão produtiva;Desenvolvimento local;IV;Sim;Não;1;180.000,00;0,00;109.494,00;289.494,00;N/A;N/A;;;0,00
2025;3PC203;PdC;Bahia;Cachoeira;Usina hidrelétrica;UHE Pedra do Cavalo;Qualificação de Organizações ;Qualificação de organizações;Qualificação de organizações sociais;Desenvolvimento local;IV;Sim;Não;1;222.249,73;0,00;75.318,00;297.567,73;N/A;N/A;;;0,00
2025;3PC203;PdC;Bahia;São Félix;Usina hidrelétrica;UHE Pedra do Cavalo;Qualificação de Organizações ;Qualificação de organizações;Qualificação de organizações sociais;Desenvolvimento local;IV;Sim;Não;1;0,00;0,00;23.949,00;23.949,00;N/A;N/A;;;0,00
2025;3PC203;PdC;Bahia;Maragogipe;Usina hidrelétrica;UHE Pedra do Cavalo;Qualificação de Organizações ;Qualificação de organizações;Qualificação de organizações sociais;Desenvolvimento local;IV;Sim;Não;1;0,00;0,00;75.318,00;75.318,00;N/A;N/A;;;0,00
2025;3PC203;PdC;Bahia;Cachoeira;Usina hidrelétrica;UHE Pedra do Cavalo;Engaja;Engajamento e Diálogo;Engajamento comunitário;Relacionamento;IV;Sim;Não;1;343.743,25;0,00;0,00;343.743,25;N/A;682,00;;;682,00
2025;3PC203;PdC;Bahia;São Félix;Usina hidrelétrica;UHE Pedra do Cavalo;Engaja;Engajamento e Diálogo;Engajamento comunitário;Relacionamento;IV;Sim;Não;1;0,00;0,00;0,00;0,00;N/A;682,00;;;682,00
2025;3PC203;PdC;Bahia;Maragogipe;Usina hidrelétrica;UHE Pedra do Cavalo;Engaja;Engajamento e Diálogo;Engajamento comunitário;Relacionamento;IV;Sim;Não;1;0,00;0,00;0,00;0,00;N/A;682,00;;;682,00
2025;3PC203;PdC;Bahia;Cachoeira;Usina hidrelétrica;UHE Pedra do Cavalo;Geração de renda para pescadores ;Redes - Entrada;Inclusão produtiva;Desenvolvimento local;IV;Sim;Não;1;205.000,00;0,00;104.988,00;309.988,00;N/A;608,00;;;608,00
2025;3PC203;PdC;Bahia;São Félix;Usina hidrelétrica;UHE Pedra do Cavalo;Geração de renda para pescadores ;Redes - Entrada;Inclusão produtiva;Desenvolvimento local;IV;Sim;Não;1;205.000,00;0,00;104.988,00;309.988,00;N/A;604,00;;;604,00
2025;3PC203;PdC;Bahia;Maragogipe;Usina hidrelétrica;UHE Pedra do Cavalo;Geração de renda para pescadores ;Redes - Entrada;Inclusão produtiva;Desenvolvimento local;IV;Sim;Não;1;205.000,00;0,00;104.988,00;309.988,00;N/A;605,00;;;605,00
2025;3PC203;PdC;Bahia;Cachoeira;Usina hidrelétrica;UHE Pedra do Cavalo;Educação Ambiental ;Educação Ambiental;Educação básica;Conexão com negócio;IV;Sim;Não;1;172.000,00;0,00;73.801,00;245.801,00;N/A;N/A;;;0,00
2025;3PC203;PdC;Bahia;São Félix;Usina hidrelétrica;UHE Pedra do Cavalo;Educação Ambiental ;Educação Ambiental;Educação básica;Conexão com negócio;IV;Sim;Não;1;172.000,00;0,00;73.801,00;245.801,00;N/A;N/A;;;0,00
2025;3PC203;PdC;Bahia;Maragogipe;Usina hidrelétrica;UHE Pedra do Cavalo;Educação Ambiental ;Educação Ambiental;Educação básica;Conexão com negócio;IV;Sim;Não;1;172.000,00;0,00;73.801,00;245.801,00;N/A;N/A;;;0,00
2025;3PC203;PdC;Bahia;Governador Mangabeira;Usina hidrelétrica;UHE Pedra do Cavalo;Educação Ambiental ;Educação Ambiental;Educação básica;Conexão com negócio;IV;Sim;Não;1;172.000,00;0,00;73.801,00;245.801,00;N/A;N/A;;;0,00
2025;3PC203;PdC;Bahia;Cachoeira;Usina hidrelétrica;UHE Pedra do Cavalo;Programa Portas Abertas ;Plano de Relacionamento com Comunidade;Engajamento comunitário;Relacionamento;Local;Sim;Não;1;21.000,00;0,00;0,00;21.000,00;Pendente;N/A;;;0,00
2025;4VP642;CN;Tocantins;Xambioá;Cimentos;Unidade Xambioá;PVE 2.0;PVE;Educação básica;Desenvolvimento local;IV;Sim;Não;1;88.000,00;0,00;88.000,00;176.000,00;N/A;642;;;642,00
2025;4VP642;CN;Mato Grosso;Nobres;Cimentos;Unidade Nobres;PVE 2.0;PVE;Educação básica;Desenvolvimento local;IV;Sim;Não;1;88.000,00;0,00;88.000,00;176.000,00;N/A;645;;;645,00
2025;4VP642;CN;Tocantins;Xambioá;Cimentos;Unidade Xambioá;AGP Saúde;AGP - Saúde;Apoio à Gestão Pública;Desenvolvimento local;IV;Sim;Não;1;50.000,00;0,00;107.887,00;157.887,00;N/A;678;;;678,00
2025;4VP642;SUL;Paraná;Rio Branco do Sul;Cimentos;Unidade Rio Branco do Sul;AGP Saúde;AGP - Saúde;Apoio à Gestão Pública;Desenvolvimento local;Local;Não;Não;1;50.000,00;0,00;107.887,00;157.887,00;OK;700;;;700,00
2025;4VP642;CN;Mato Grosso do Sul;Corumbá;Cimentos;Unidade Corumbá;Plano de Relacionamento  - Corumbá;Plano de Relacionamento com Comunidade;Engajamento comunitário;Relacionamento;Local;Sim;Não;1;23.373,00;0,00;0,00;23.373,00;ok;727;;;727,00
2025;4VP642;CN;Mato Grosso;Cuiabá;Cimentos;Unidade Cuiabá;Plano de Relacionamento  - Cuiabá;Plano de Relacionamento com Comunidade;Engajamento comunitário;Relacionamento;Local;Sim;Não;1;15.000,00;0,00;0,00;15.000,00;ok;728;;;728,00
2025;4VP642;CN;Goiás;Edealina;Cimentos;Unidade Edealina;Plano de Relacionamento  - Edealina;Plano de Relacionamento com Comunidade;Engajamento comunitário;Relacionamento;Local;Sim;Não;1;5.843,25;0,00;0,00;5.843,25;ok;729;;;729,00
2025;4VP642;CN;Mato Grosso;Nobres;Cimentos;Unidade Nobres;Plano de Relacionamento - Nobres;Plano de Relacionamento com Comunidade;Engajamento comunitário;Relacionamento;Local;Sim;Não;1;5.843,25;0,00;0,00;5.843,25;ok;730;;;730,00
2025;4VP642;CN;Distrito Federal;Brasília;Cimentos;Unidade Sobradinho;Conselho Comunitário _ Fercal;Conselho Comunitário;Engajamento comunitário;Desenvolvimento local;Local;Sim;Não;1;63.000,00;0,00;0,00;63.000,00;ok ;731;;;731,00
2025;4VP642;CN;Distrito Federal;Brasília;Cimentos;Unidade Sobradinho;Plano de Relacionamento - Sobradinho ;Plano de Relacionamento com Comunidade;Engajamento comunitário;Relacionamento;Local;Sim;Não;1;7.011,90;0,00;0,00;7.011,90;ok;732;;;732,00
2025;4VP642;CN;Tocantins;Xambioá;Cimentos;Unidade Xambioá;Cadeias Produtivas - Indígenas;Cadeias produtivas;Inclusão produtiva;Relacionamento;Local;Sim;Não;1;498.000,00;0,00;0,00;498.000,00;ok ;733;;;733,00
2025;4VP642;CN;Tocantins;Xambioá;Cimentos;Unidade Xambioá;Conselho Comunitário  _ Xambioá;Conselho Comunitário;Engajamento comunitário;Desenvolvimento local;Local;Sim;Não;1;63.000,00;0,00;0,00;63.000,00;ok ;734;;;734,00
2025;4VP642;CN;Tocantins;Xambioá;Cimentos;Unidade Xambioá;Plano de Relacionamento - Xambioá;Plano de Relacionamento com Comunidade;Engajamento comunitário;Relacionamento;Local;Sim;Não;1;5.843,25;0,00;0,00;5.843,25;ok;735;;;735,00
2025;4VP642;CN;Amazonas;Manaus;Porto ;CD Manaus;Plano de Relacionamento  - Manaus ;Plano de Relacionamento com Comunidade;Engajamento comunitário;Relacionamento;Local;Sim;Não;1;15.000,00;0,00;0,00;15.000,00;ok;736;;;736,00
2025;4VP642;SE;São Paulo;Araçariguama;Agregados;Unidade Araçariguama;Plano de Relacionamento com Comunidade;Plano de Relacionamento com Comunidade;Engajamento comunitário;Relacionamento;Local;Sim;Não;1;6.000,00;0,00;0,00;6.000,00;OK;763;ok;ok;763,00
2025;4VP642;SE;São Paulo;Barueri;Argamassa;Unidade Barueri;Plano de Relacionamento com Comunidade;Plano de Relacionamento com Comunidade;Engajamento comunitário;Relacionamento;Local;Sim;Não;1;5.000,00;0,00;0,00;5.000,00;OK;764;ok;ok;764,00
2025;4VP642;SE;São Paulo;Cajamar;Argamassa;Unidade Cajamar;Plano de Relacionamento com Comunidade;Plano de Relacionamento com Comunidade;Engajamento comunitário;Relacionamento;Local;Sim;Não;1;14.000,00;0,00;0,00;14.000,00;ok;765;ok;ok;765,00
2025;4VP642;SE;São Paulo;Itapecerica da Serra;Agregados;Unidade Itapecerica da Serra;Plano de Relacionamento com Comunidade;Plano de Relacionamento com Comunidade;Engajamento comunitário;Relacionamento;Local;Sim;Não;1;16.000,00;0,00;0,00;16.000,00;ok;766;ok;ok;766,00
2025;4VP642;SE;São Paulo;Itapeva;Cales e insumos agrícolas;Unidade Itapeva;Plano de Relacionamento com Comunidade;Plano de Relacionamento com Comunidade;Engajamento comunitário;Relacionamento;Local;Sim;Não;1;9.000,00;0,00;0,00;9.000,00;ok;767;ok;ok;767,00
2025;4VP642;SE;Minas Gerais;Itaú de Minas;Cimentos;Unidade Itaú de Minas;Plano de Relacionamento com Comunidade;Plano de Relacionamento com Comunidade;Engajamento comunitário;Relacionamento;Local;Sim;Não;1;15.000,00;0,00;0,00;15.000,00;ok;768;ok;ok;768,00
2025;4VP642;SE;São Paulo;Limeira;Argamassa;Unidade Limeira;Plano de Relacionamento com Comunidade;Plano de Relacionamento com Comunidade;Engajamento comunitário;Relacionamento;Local;Sim;Não;1;5.000,00;0,00;0,00;5.000,00;ok;769;ok;ok;769,00
2025;4VP642;SE;Rio de Janeiro;Cantagalo;Cimentos;Unidade Rio Negro;Plano de Relacionamento com Comunidade;Plano de Relacionamento com Comunidade;Engajamento comunitário;Relacionamento;Local;Sim;Não;1;18.000,00;0,00;0,00;18.000,00;OK;770;ok;ok;770,00
2025;4VP642;SE;São Paulo;Salto de Pirapora;Cimentos;Unidade Salto de Pirapora;Plano de Relacionamento com Comunidade;Plano de Relacionamento com Comunidade;Engajamento comunitário;Relacionamento;Local;Sim;Não;1;19.000,00;0,00;0,00;19.000,00;OK;771;ok;ok;771,00
2025;4VP642;SE;Rio de Janeiro;Rio de Janeiro;Moagem;Unidade Santa Cruz;Plano de Relacionamento com Comunidade;Plano de Relacionamento com Comunidade;Engajamento comunitário;Relacionamento;Local;Sim;Não;1;7.000,00;0,00;0,00;7.000,00;OK;772;ok;ok;772,00
2025;4VP642;SE;São Paulo;Votorantim;Cimentos;Unidade Santa Helena;Plano de Relacionamento com Comunidade;Plano de Relacionamento com Comunidade;Engajamento comunitário;Relacionamento;Local;Sim;Não;1;5.000,00;0,00;0,00;5.000,00;OK;773;ok;ok;773,00
2025;4VP642;SE;São Paulo;Santa Isabel;Agregados;Unidade Santa Isabel;Plano de Relacionamento com Comunidade;Plano de Relacionamento com Comunidade;Engajamento comunitário;Relacionamento;Local;Sim;Não;1;8.000,00;0,00;0,00;8.000,00;ok;774;ok;ok;774,00
2025;4VP642;SE;São Paulo;Itapecerica da Serra;Agregados;Unidade Itapecerica da Serra;Conselho Comunitário;Conselho Comunitário;Engajamento comunitário;Desenvolvimento local;Local;Sim;Não;1;62.000,00;0,00;0,00;62.000,00;ok;776;;ok;776,00
2025;4VP642;SE;São Paulo;Salto de Pirapora;Cimentos;Unidade Salto de Pirapora;Conselho Comunitário;Conselho Comunitário;Engajamento comunitário;Desenvolvimento local;Local;Sim;Não;1;60.000,00;0,00;0,00;60.000,00;ok;778;ok;ok;778,00
2025;4VP642;SE;São Paulo;Votorantim;Cimentos;Unidade Santa Helena;Evoluir - Mulheres;Qualificação de mão de obra;Educação profissionalizante;Conexão com negócio;Local;Não;Sim;1;38.000,00;0,00;0,00;38.000,00;ok;780;ok;ok;780,00
2025;4VP642;SE;São Paulo;Bauru;Centro de Distribuição;CD Bauru;Plano de Relacionamento com Comunidade;Plano de Relacionamento com Comunidade;Engajamento comunitário;Relacionamento;Local;Sim;Não;1;2.000,00;0,00;0,00;2.000,00;ok;782,00;;;782,00
2025;4VP642;SE;São Paulo;Embu das Artes;Centro de Distribuição;CD Embu;Plano de Relacionamento com Comunidade;Plano de Relacionamento com Comunidade;Engajamento comunitário;Relacionamento;Local;Sim;Sim;1;2.000,00;0,00;0,00;2.000,00;ok;782,00;;;782,00
2025;4VP642;SE;São Paulo;Osasco;Centro de Distribuição;CD Osasco;Plano de Relacionamento com Comunidade;Plano de Relacionamento com Comunidade;Engajamento comunitário;Relacionamento;Local;Sim;Sim;1;2.000,00;0,00;0,00;2.000,00;ok;782,00;;;782,00
2025;4VP642;SE;Rio de Janeiro;Rio de Janeiro;Centro de Distribuição;CD Rio;Plano de Relacionamento com Comunidade;Plano de Relacionamento com Comunidade;Engajamento comunitário;Relacionamento;Local;Sim;Não;1;2.000,00;0,00;0,00;2.000,00;ok;782,00;;;782,00
2025;4VP642;SE;São Paulo;Campinas;Centro de Distribuição;CD Uberlândia;Plano de Relacionamento com Comunidade;Plano de Relacionamento com Comunidade;Engajamento comunitário;Relacionamento;Local;Sim;Sim;1;2.000,00;0,00;0,00;2.000,00;ok;782,00;;;782,00
2025;4VP642;SE;São Paulo;São Paulo;Concreto;Filial ABC;Plano de Relacionamento com Comunidade;Plano de Relacionamento com Comunidade;Engajamento comunitário;Relacionamento;Local;Não;Não;1;2.000,00;0,00;0,00;2.000,00;ok;783,00;;;783,00
2025;4VP642;SE;São Paulo;Atibaia;Concreto;Filial Atibaia;Plano de Relacionamento com Comunidade;Plano de Relacionamento com Comunidade;Engajamento comunitário;Relacionamento;Local;Sim;Sim;1;2.000,00;0,00;0,00;2.000,00;ok;783,00;;;783,00
2025;4VP642;SE;São Paulo;Campinas;Concreto;Filial Campinas;Plano de Relacionamento com Comunidade;Plano de Relacionamento com Comunidade;Engajamento comunitário;Relacionamento;Local;Sim;Sim;1;3.000,00;0,00;0,00;3.000,00;ok;783,00;;;783,00
2025;4VP642;SE;São Paulo;Itu;Concreto;Filial Itu;Plano de Relacionamento com Comunidade;Plano de Relacionamento com Comunidade;Engajamento comunitário;Relacionamento;Local;Sim;Sim;1;2.000,00;0,00;0,00;2.000,00;ok;783,00;;;783,00
2025;4VP642;SE;São Paulo;Jundiaí;Concreto;Filial Jundiaí;Plano de Relacionamento com Comunidade;Plano de Relacionamento com Comunidade;Engajamento comunitário;Relacionamento;Local;Sim;Não;1;2.000,00;0,00;0,00;2.000,00;ok;783,00;;;783,00
2025;4VP642;SE;São Paulo;São Paulo;Concreto;Filial Zona Norte;Plano de Relacionamento com Comunidade;Plano de Relacionamento com Comunidade;Engajamento comunitário;Relacionamento;Local;Sim;Não;1;2.000,00;0,00;0,00;2.000,00;ok;783,00;;;783,00
2025;4VP642;CN;Goiás;Edealina;Cimentos;Unidade Edealina;Evoluir Pocket - Qualificação de Mão de Obra ;Qualificação de mão de obra;Educação profissionalizante;Conexão com negócio;Local;Não;Não;1;35.000,00;0,00;0,00;35.000,00;ok ;876;;;876,00
2025;4VP642;CN;Mato Grosso;Nobres;Cimentos;Unidade Nobres;Evoluir Pocket - Qualificação de Mão de Obra ;Qualificação de mão de obra;Educação profissionalizante;Conexão com negócio;local;Não;Não;1;120.000,00;0,00;0,00;120.000,00;ok ;877;;;877,00
2025;4VP642;CN;Tocantins;Xambioá;Cimentos;Unidade Xambioá;Evoluir Pocket - Qualificação de Mão de Obra ;Qualificação de mão de obra;Educação profissionalizante;Conexão com negócio;Local;Não;Não;1;50.000,00;0,00;0,00;50.000,00;ok ;878;;;878,00
2025;4VP642;SUL;Rio Grande do Sul;Pinheiro Machado;Cimentos;Unidade Pinheiro Machado;Plano de Relacionamento com Comunidade;Plano de Relacionamento com Comunidade;Engajamento comunitário;Relacionamento;Local;Sim;Sim;1;4.000,00;0,00;0,00;4.000,00;OK;879;;;879,00
2025;4VP642;SUL;Rio Grande do Sul;Esteio;Cimentos;Unidade Esteio;Plano de Relacionamento com Comunidade;Plano de Relacionamento com Comunidade;Engajamento comunitário;Relacionamento;Local;Sim;Não;1;2.000,00;0,00;0,00;2.000,00;OK;880;;;880,00
2025;4VP642;SUL;Santa Catarina;Capivari de Baixo;Cimentos;Unidade Capivari de Baixo;Plano de Relacionamento com Comunidade;Plano de Relacionamento com Comunidade;Engajamento comunitário;Relacionamento;Local;Sim;Não;1;2.000,00;0,00;0,00;2.000,00;OK;882;;;882,00
2025;4VP642;SUL;Santa Catarina;Itajaí;Cimentos;Unidade Itajaí;Plano de Relacionamento com Comunidade;Plano de Relacionamento com Comunidade;Engajamento comunitário;Relacionamento;Local;Sim;Não;1;2.000,00;0,00;0,00;2.000,00;OK;885;;;885,00
2025;4VP642;SUL;Santa Catarina;Vidal Ramos;Cimentos;Unidade Vidal Ramos;Plano de Relacionamento com Comunidade;Plano de Relacionamento com Comunidade;Engajamento comunitário;Relacionamento;Local;Sim;Não;1;5.000,00;0,00;0,00;5.000,00;OK;886;;;886,00
2025;4VP642;SUL;Paraná;Rio Branco do Sul;Cimentos;Unidade Rio Branco do Sul;Plano de Relacionamento com Comunidade;Plano de Relacionamento com Comunidade;Engajamento comunitário;Relacionamento;Local;Sim;Não;1;10.000,00;0,00;0,00;10.000,00;OK;887;;;887,00
2025;4VP642;SUL;Paraná;Itaperuçu;Cimentos;Unidade Rio Branco do Sul;Plano de Relacionamento com Comunidade;Plano de Relacionamento com Comunidade;Engajamento comunitário;Relacionamento;Local;Sim;Não;1;5.000,00;0,00;0,00;5.000,00;OK;888;;;888,00
2025;4VP642;SUL;Paraná;Itaperuçu;Cimentos;Unidade Rio Branco do Sul;Valor VC - Geração CDRU;Valor VC;Inclusão produtiva;Conexão com negócio;Local;Sim;Não;1;60.000,00;0,00;0,00;60.000,00;OK;890;;;890,00
2025;4VP642;SUL;Paraná;Curitiba;Concreto;Filial Curitiba;Plano de Relacionamento com Comunidade - EGX;Plano de Relacionamento com Comunidade;Engajamento comunitário;Relacionamento;Local;Sim;Sim;1;2.000,00;0,00;0,00;2.000,00;OK;891;;;891,00
2025;4VP642;SUL;Rio Grande do Sul;Canoas;Concreto;Filial Canoas;Plano de Relacionamento com Comunidade - EGX;Plano de Relacionamento com Comunidade;Engajamento comunitário;Relacionamento;Local;Sim;Não;1;2.000,00;0,00;0,00;2.000,00;OK;891;;;891,00
2025;4VP642;SUL;Santa Catarina;Criciúma;Concreto;Filial Criciúma;Plano de Relacionamento com Comunidade - EGX;Plano de Relacionamento com Comunidade;Engajamento comunitário;Relacionamento;Local;Sim;Não;1;2.000,00;0,00;0,00;2.000,00;OK;891;;;891,00
2025;4VP642;SUL;Santa Catarina;Florianópolis;Concreto;Filial Florianópolis;Plano de Relacionamento com Comunidade - EGX;Plano de Relacionamento com Comunidade;Engajamento comunitário;Relacionamento;Local;Sim;Não;1;2.000,00;0,00;0,00;2.000,00;OK;891;;;891,00
2025;4VP642;SUL;Paraná;Londrina;Centro de Distribuição;CD Londrina;Plano de Relacionamento com Comunidade - CDs;Plano de Relacionamento com Comunidade;Engajamento comunitário;Relacionamento;Local;Sim;Sim;1;2.000,00;0,00;0,00;2.000,00;OK;892;;;892,00
2025;4VP642;SUL;Paraná;Maringá;Centro de Distribuição;CD Maringá;Plano de Relacionamento com Comunidade - CDs;Plano de Relacionamento com Comunidade;Engajamento comunitário;Relacionamento;Local;Sim;Sim;1;2.000,00;0,00;0,00;2.000,00;OK;892;;;892,00
2025;4VP642;SUL;Paraná;Quatro Barras;Centro de Distribuição;CD Quatro Barras;Plano de Relacionamento com Comunidade - CDs;Plano de Relacionamento com Comunidade;Engajamento comunitário;Relacionamento;Local;Sim;Sim;1;2.000,00;0,00;0,00;2.000,00;OK;892;;;892,00
2025;4VP642;SUL;Rio Grande do Sul;Passo Fundo;Centro de Distribuição;CD Passo Fundo;Plano de Relacionamento com Comunidade - CDs;Plano de Relacionamento com Comunidade;Engajamento comunitário;Relacionamento;Local;Sim;Não;1;2.000,00;0,00;0,00;2.000,00;OK;892;;;892,00
2025;4VP642;SUL;Paraná;Guarapuava;Centro de Distribuição;CD Guarapuava;Plano de Relacionamento com Comunidade - CDs;Plano de Relacionamento com Comunidade;Engajamento comunitário;Relacionamento;Local;Sim;Não;1;2.000,00;0,00;0,00;2.000,00;OK;892;;;892,00
2025;4VP642;CN;Distrito Federal;Brasília;Cimentos;Unidade Sobradinho;Qualificação de mão de obra;Qualificação de mão de obra;Educação profissionalizante;Conexão com negócio;Local;Sim;Não;1;80.000,00;0,00;0,00;80.000,00;ok ;893;;;893,00
;;;;;;Unidade Porto Velho ;Plano de Relacionamento_ Porto Velho ;;;;;;;;;;;0,00;ok ;894;;;894,00
